datetime,exchange_rate
2026-09-25 08:20:00,277.08253
2026-09-25 08:21:00,277.06256
2026-09-25 08:22:00,277.08615
2026-09-25 08:23:00,277.08893
2026-09-25 08:24:00,277.10075
2026-09-25 08:25:00,277.1202
2026-09-25 08:26:00,277.05834
2026-09-25 08:27:00,277.07479
2026-09-25 08:28:00,277.05701
2026-09-25 08:29:00,277.07238
2026-09-25 08:30:00,277.07189
2026-09-25 08:31:00,277.06259
2026-09-25 08:32:00,277.07028
2026-09-25 08:33:00,277.08389
2026-09-25 08:34:00,277.08702
2026-09-25 08:35:00,277.0893
2026-09-25 08:36:00,277.06394
2026-09-25 08:37:00,277.09515
2026-09-25 08:38:00,277.09879
2026-09-25 08:39:00,277.07141
2026-09-25 08:40:00,277.08463
2026-09-25 08:41:00,277.06476
2026-09-25 08:42:00,277.08983
2026-09-25 08:43:00,277.0927
2026-09-25 08:44:00,277.10009
2026-09-25 08:45:00,277.11663
2026-09-25 08:46:00,277.05478
2026-09-25 08:47:00,277.09203
2026-09-25 08:48:00,277.05416
2026-09-25 08:49:00,277.08128
2026-09-25 08:50:00,277.085
2026-09-25 08:51:00,277.05613
2026-09-25 08:52:00,277.07597
2026-09-25 08:53:00,277.08591
2026-09-25 08:54:00,277.08679
2026-09-25 08:55:00,277.0863
2026-09-25 08:56:00,277.06232
2026-09-25 08:57:00,277.08746
2026-09-25 08:58:00,277.08598
2026-09-25 08:59:00,277.09142
2026-09-25 09:00:00,277.08548
2026-09-25 09:01:00,277.10084
2026-09-25 09:02:00,277.1017
2026-09-25 09:03:00,277.0713
2026-09-25 09:04:00,277.09432
2026-09-25 09:05:00,277.09437
2026-09-25 09:06:00,277.10479
2026-09-25 09:07:00,277.10531
2026-09-25 09:08:00,277.10873
2026-09-25 09:09:00,277.10434
2026-09-25 09:10:00,277.10454
2026-09-25 09:11:00,277.10411
2026-09-25 09:12:00,277.10526
2026-09-25 09:13:00,277.09912
2026-09-25 09:14:00,277.10125
2026-09-25 09:15:00,277.1084
2026-09-25 09:16:00,277.10526
2026-09-25 09:17:00,277.0903
2026-09-25 09:18:00,277.07346
2026-09-25 09:19:00,277.09922
2026-09-25 09:20:00,277.10104
2026-09-25 09:21:00,277.10204
2026-09-25 09:22:00,277.10584
2026-09-25 09:23:00,277.10792
2026-09-25 09:24:00,277.08577
2026-09-25 09:25:00,277.09746
2026-09-25 09:26:00,277.10902
2026-09-25 09:27:00,277.10795
2026-09-25 09:28:00,277.1135
2026-09-25 09:29:00,277.10956
2026-09-25 09:30:00,277.10867
2026-09-25 09:31:00,277.10292
2026-09-25 09:32:00,277.10939
2026-09-25 09:33:00,277.06208
2026-09-25 09:34:00,277.08721
2026-09-25 09:35:00,277.0922
2026-09-25 09:36:00,277.08858
2026-09-25 09:37:00,277.10719
2026-09-25 09:38:00,277.10992
2026-09-25 09:39:00,277.09408
2026-09-25 09:40:00,277.104
2026-09-25 09:41:00,277.10611
2026-09-25 09:42:00,277.1009
2026-09-25 09:43:00,277.10314
2026-09-25 09:44:00,277.09528
2026-09-25 09:45:00,277.10296
2026-09-25 09:46:00,277.11076
2026-09-25 09:47:00,277.12709
2026-09-25 09:48:00,277.05623
2026-09-25 09:49:00,277.08901
2026-09-25 09:50:00,277.08844
2026-09-25 09:51:00,277.08751
2026-09-25 09:52:00,277.09181
2026-09-25 09:53:00,277.0933
2026-09-25 09:54:00,277.07726
2026-09-25 09:55:00,277.10016
2026-09-25 09:56:00,277.10025
2026-09-25 09:57:00,277.09352
2026-09-25 09:58:00,277.099
2026-09-25 09:59:00,277.08951
2026-09-25 10:00:00,277.09637
2026-09-25 10:01:00,277.0878
2026-09-25 10:02:00,277.07997
2026-09-25 10:03:00,277.0661
2026-09-25 10:04:00,277.0959
2026-09-25 10:05:00,277.09939
2026-09-25 10:06:00,277.10469
2026-09-25 10:07:00,277.10778
2026-09-25 10:08:00,277.07519
2026-09-25 10:09:00,277.08929
2026-09-25 10:10:00,277.08323
2026-09-25 10:11:00,277.08682
2026-09-25 10:12:00,277.08959
2026-09-25 10:13:00,277.10016
2026-09-25 10:14:00,277.10435
2026-09-25 10:15:00,277.09347
2026-09-25 10:16:00,277.0766
2026-09-25 10:17:00,277.09306
2026-09-25 10:18:00,277.05274
2026-09-25 10:19:00,277.09038
2026-09-25 10:20:00,277.07778
2026-09-25 10:21:00,277.11159
2026-09-25 10:22:00,277.08445
2026-09-25 10:23:00,277.0755
2026-09-25 10:24:00,277.09392
2026-09-25 10:25:00,277.09646
2026-09-25 10:26:00,277.08426
2026-09-25 10:27:00,277.07063
2026-09-25 10:28:00,277.08648
2026-09-25 10:29:00,277.08613
2026-09-25 10:30:00,277.0907
2026-09-25 10:31:00,277.07333
2026-09-25 10:32:00,277.09123
2026-09-25 10:33:00,277.06107
2026-09-25 10:34:00,277.0962
2026-09-25 10:35:00,277.11111
2026-09-25 10:36:00,277.12453
2026-09-25 10:37:00,277.07531
2026-09-25 10:38:00,277.08984
2026-09-25 10:39:00,277.09964
2026-09-25 10:40:00,277.09904
2026-09-25 10:41:00,277.08045
2026-09-25 10:42:00,277.08766
2026-09-25 10:43:00,277.09695
2026-09-25 10:44:00,277.10384
2026-09-25 10:45:00,277.07856
2026-09-25 10:46:00,277.05823
2026-09-25 10:47:00,277.0986
2026-09-25 10:48:00,277.06685
2026-09-25 10:49:00,277.09185
2026-09-25 10:50:00,277.08283
2026-09-25 10:51:00,277.08029
2026-09-25 10:52:00,277.10374
2026-09-25 10:53:00,277.08937
2026-09-25 10:54:00,277.09619
2026-09-25 10:55:00,277.08058
2026-09-25 10:56:00,277.11371
2026-09-25 10:57:00,277.08195
2026-09-25 10:58:00,277.0905
2026-09-25 10:59:00,277.0929
2026-09-25 11:00:00,277.08287
2026-09-25 11:01:00,277.08858
2026-09-25 11:02:00,277.0471
2026-09-25 11:03:00,277.03892
2026-09-25 11:04:00,277.05062
2026-09-25 11:05:00,277.05379
2026-09-25 11:06:00,277.02988
2026-09-25 11:07:00,277.04511
2026-09-25 11:08:00,277.05874
2026-09-25 11:09:00,277.05802
2026-09-25 11:10:00,277.05713
2026-09-25 11:11:00,277.02785
2026-09-25 11:12:00,277.02686
2026-09-25 11:13:00,277.03956
2026-09-25 11:14:00,277.04178
2026-09-25 11:15:00,277.04776
2026-09-25 11:16:00,277.05174
2026-09-25 11:17:00,277.02264
2026-09-25 11:18:00,277.03366
2026-09-25 11:19:00,277.02051
2026-09-25 11:20:00,277.04331
2026-09-25 11:21:00,277.02147
2026-09-25 11:22:00,277.04434
2026-09-25 11:23:00,277.05072
2026-09-25 11:24:00,277.06076
2026-09-25 11:25:00,277.0814
2026-09-25 11:26:00,277.01115
2026-09-25 11:27:00,277.03744
2026-09-25 11:28:00,277.05054
2026-09-25 11:29:00,277.05456
2026-09-25 11:30:00,277.05503
2026-09-25 11:31:00,277.02619
2026-09-25 11:32:00,277.0448
2026-09-25 11:33:00,277.03258
2026-09-25 11:34:00,277.03578
2026-09-25 11:35:00,277.0441
2026-09-25 11:36:00,277.04664
2026-09-25 11:37:00,277.06866
2026-09-25 11:38:00,277.08109
2026-09-25 11:39:00,277.04887
2026-09-25 11:40:00,277.03441
2026-09-25 11:41:00,277.0246
2026-09-25 11:42:00,277.05086
2026-09-25 11:43:00,277.05444
2026-09-25 11:44:00,277.04353
2026-09-25 11:45:00,277.05807
2026-09-25 11:46:00,277.03082
2026-09-25 11:47:00,277.04626
2026-09-25 11:48:00,277.00141
2026-09-25 11:49:00,277.04497
2026-09-25 11:50:00,277.05495
2026-09-25 11:51:00,277.03338
2026-09-25 11:52:00,277.02306
2026-09-25 11:53:00,277.04438
2026-09-25 11:54:00,277.04684
2026-09-25 11:55:00,277.0386
2026-09-25 11:56:00,277.02958
2026-09-25 11:57:00,277.04996
2026-09-25 11:58:00,277.05079
2026-09-25 11:59:00,277.02725
2026-09-25 12:00:00,277.09474
2026-09-25 12:01:00,277.0253
2026-09-25 12:02:00,277.0389
2026-09-25 12:03:00,277.02968
2026-09-25 12:04:00,277.06241
2026-09-25 12:05:00,277.08282
2026-09-25 12:06:00,277.04079
2026-09-25 12:07:00,277.07748
2026-09-25 12:08:00,277.08887
2026-09-25 12:09:00,277.06977
2026-09-25 12:10:00,277.08993
2026-09-25 12:11:00,277.052
2026-09-25 12:12:00,277.05025
2026-09-25 12:13:00,277.04335
2026-09-25 12:14:00,277.06988
2026-09-25 12:15:00,277.04558
2026-09-25 12:16:00,277.05199
2026-09-25 12:17:00,277.0347
2026-09-25 12:18:00,277.05527
2026-09-25 12:19:00,277.06384
2026-09-25 12:20:00,277.04893
2026-09-25 12:21:00,277.0665
2026-09-25 12:22:00,277.05763
2026-09-25 12:23:00,277.06994
2026-09-25 12:24:00,277.07377
2026-09-25 12:25:00,277.04512
2026-09-25 12:26:00,277.04695
2026-09-25 12:27:00,277.0609
2026-09-25 12:28:00,277.04936
2026-09-25 12:29:00,277.05923
2026-09-25 12:30:00,277.05787
2026-09-25 12:31:00,277.03953
2026-09-25 12:32:00,277.05135
2026-09-25 12:33:00,277.04366
2026-09-25 12:34:00,277.05689
2026-09-25 12:35:00,277.05991
2026-09-25 12:36:00,277.04359
2026-09-25 12:37:00,277.07067
2026-09-25 12:38:00,277.05138
2026-09-25 12:39:00,277.04656
2026-09-25 12:40:00,277.05869
2026-09-25 12:41:00,277.02228
2026-09-25 12:42:00,277.07064
2026-09-25 12:43:00,277.07148
2026-09-25 12:44:00,277.02475
2026-09-25 12:45:00,277.05759
2026-09-25 12:46:00,277.04627
2026-09-25 12:47:00,277.0636
2026-09-25 12:48:00,277.04482
2026-09-25 12:49:00,277.08022
2026-09-25 12:50:00,277.10751
2026-09-25 12:51:00,277.03971
2026-09-25 12:52:00,277.04157
2026-09-25 12:53:00,277.03828
2026-09-25 12:54:00,277.04592
2026-09-25 12:55:00,277.03771
2026-09-25 12:56:00,277.02922
2026-09-25 12:57:00,277.05286
2026-09-25 12:58:00,277.05571
2026-09-25 12:59:00,277.04114
2026-09-25 13:00:00,277.06412
2026-09-25 13:01:00,277.06107
2026-09-25 13:02:00,277.03783
2026-09-25 13:03:00,277.03331
2026-09-25 13:04:00,277.04767
2026-09-25 13:05:00,277.05919
2026-09-25 13:06:00,277.06611
2026-09-25 13:07:00,277.02085
2026-09-25 13:08:00,277.00337
2026-09-25 13:09:00,277.04049
2026-09-25 13:10:00,277.04737
2026-09-25 13:11:00,277.04667
2026-09-25 13:12:00,277.04302
2026-09-25 13:13:00,277.02635
2026-09-25 13:14:00,277.01754
2026-09-25 13:15:00,277.07772
2026-09-25 13:16:00,277.05487
2026-09-25 13:17:00,277.06263
2026-09-25 13:18:00,277.02694
2026-09-25 13:19:00,277.06136
2026-09-25 13:20:00,277.07188
2026-09-25 13:21:00,277.04026
2026-09-25 13:22:00,277.05967
2026-09-25 13:23:00,277.0377
2026-09-25 13:24:00,277.07305
2026-09-25 13:25:00,277.07904
2026-09-25 13:26:00,277.06493
2026-09-25 13:27:00,277.05235
2026-09-25 13:28:00,277.04782
2026-09-25 13:29:00,277.05588
2026-09-25 13:30:00,277.06426
2026-09-25 13:31:00,277.03985
2026-09-25 13:32:00,277.07012
2026-09-25 13:33:00,277.04037
2026-09-25 13:34:00,277.07611
2026-09-25 13:35:00,277.05764
2026-09-25 13:36:00,277.05415
2026-09-25 13:37:00,277.07213
2026-09-25 13:38:00,277.05177
2026-09-25 13:39:00,277.04119
2026-09-25 13:40:00,277.07524
2026-09-25 13:41:00,277.08973
2026-09-25 13:42:00,277.05884
2026-09-25 13:43:00,277.04962
2026-09-25 13:44:00,277.07005
2026-09-25 13:45:00,277.07331
2026-09-25 13:46:00,277.04801
2026-09-25 13:47:00,277.03921
2026-09-25 13:48:00,277.07678
2026-09-25 13:49:00,277.08467
2026-09-25 13:50:00,277.05649
2026-09-25 13:51:00,277.06714
2026-09-25 13:52:00,277.04663
2026-09-25 13:53:00,277.07081
2026-09-25 13:54:00,277.07227
2026-09-25 13:55:00,277.06437
2026-09-25 13:56:00,277.08047
2026-09-25 13:57:00,277.06211
2026-09-25 13:58:00,277.04809
2026-09-25 13:59:00,277.0633
2026-09-25 14:00:00,277.06061
2026-09-25 14:01:00,277.06135
2026-09-25 14:02:00,277.03754
2026-09-25 14:03:00,277.09583
2026-09-25 14:04:00,277.06075
2026-09-25 14:05:00,277.05303
2026-09-25 14:06:00,277.16447
2026-09-25 14:07:00,277.07285
2026-09-25 14:08:00,277.0709
2026-09-25 14:09:00,277.04503
2026-09-25 14:10:00,276.99585
2026-09-25 14:11:00,277.13156
2026-09-25 14:12:00,277.07417
2026-09-25 14:13:00,277.06624
2026-09-25 14:14:00,277.09181
2026-09-25 14:15:00,277.05379
2026-09-25 14:16:00,277.15197
2026-09-25 14:17:00,277.08136
2026-09-25 14:18:00,277.15558
2026-09-25 14:19:00,277.07637
2026-09-25 14:20:00,277.08043
2026-09-25 14:21:00,277.12913
2026-09-25 14:22:00,277.14564
2026-09-25 14:23:00,277.06719
2026-09-25 14:24:00,277.04438
2026-09-25 14:25:00,277.10376
2026-09-25 14:26:00,277.14167
2026-09-25 14:27:00,277.07331
2026-09-25 14:28:00,277.05065
2026-09-25 14:29:00,277.06473
2026-09-25 14:30:00,277.0992
2026-09-25 14:31:00,277.11835
2026-09-25 14:32:00,277.07011
2026-09-25 14:33:00,277.14029
2026-09-25 14:34:00,277.09548
2026-09-25 14:35:00,277.06185
2026-09-25 14:36:00,277.13472
2026-09-25 14:37:00,277.06011
2026-09-25 14:38:00,277.03695
2026-09-25 14:39:00,277.05406
2026-09-25 14:40:00,277.08091
2026-09-25 14:41:00,277.11499
2026-09-25 14:42:00,277.05921
2026-09-25 14:43:00,277.08698
2026-09-25 14:44:00,277.09146
2026-09-25 14:45:00,277.07756
2026-09-25 14:46:00,277.18349
2026-09-25 14:47:00,277.05972
2026-09-25 14:48:00,277.14887
2026-09-25 14:49:00,277.06349
2026-09-25 14:50:00,277.00346
2026-09-25 14:51:00,277.16271
2026-09-25 14:52:00,277.08104
2026-09-25 14:53:00,277.07428
2026-09-25 14:54:00,277.06221
2026-09-25 14:55:00,277.12641
2026-09-25 14:56:00,277.16873
2026-09-25 14:57:00,277.05812
2026-09-25 14:58:00,277.03719
2026-09-25 14:59:00,277.06651
2026-09-25 15:00:00,277.12771
2026-09-25 15:01:00,277.19192
2026-09-25 15:02:00,277.06832
2026-09-25 15:03:00,277.144
2026-09-25 15:04:00,277.08158
2026-09-25 15:05:00,277.08196
2026-09-25 15:06:00,277.1785
2026-09-25 15:07:00,277.11142
2026-09-25 15:08:00,277.10294
2026-09-25 15:09:00,277.07512
2026-09-25 15:10:00,277.04916
2026-09-25 15:11:00,277.14499
2026-09-25 15:12:00,277.0942
2026-09-25 15:13:00,277.08701
2026-09-25 15:14:00,277.09458
2026-09-25 15:15:00,277.08565
2026-09-25 15:16:00,277.16723
2026-09-25 15:17:00,277.07218
2026-09-25 15:18:00,277.20302
2026-09-25 15:19:00,277.06964
2026-09-25 15:20:00,277.11122
2026-09-25 15:21:00,277.13485
2026-09-25 15:22:00,277.08589
2026-09-25 15:23:00,277.07338
2026-09-25 15:24:00,277.05364
2026-09-25 15:25:00,277.04295
2026-09-25 15:26:00,277.16682
2026-09-25 15:27:00,277.08408
2026-09-25 15:28:00,277.06644
2026-09-25 15:29:00,277.07703
2026-09-25 15:30:00,277.035
2026-09-25 15:31:00,277.12565
2026-09-25 15:32:00,277.13593
2026-09-25 15:33:00,277.1542
2026-09-25 15:34:00,277.08023
2026-09-25 15:35:00,277.08328
2026-09-25 15:36:00,277.15831
2026-09-25 15:37:00,277.07242
2026-09-25 15:38:00,277.04398
2026-09-25 15:39:00,277.03321
2026-09-25 15:40:00,277.07938
2026-09-25 15:41:00,277.12191
2026-09-25 15:42:00,277.0789
2026-09-25 15:43:00,277.06618
2026-09-25 15:44:00,277.06305
2026-09-25 15:45:00,277.12739
2026-09-25 15:46:00,277.17718
2026-09-25 15:47:00,277.06737
2026-09-25 15:48:00,277.16117
2026-09-25 15:49:00,277.07454
2026-09-25 15:50:00,277.05243
2026-09-25 15:51:00,277.16358
2026-09-25 15:52:00,277.06256
2026-09-25 15:53:00,277.0875
2026-09-25 15:54:00,277.07544
2026-09-25 15:55:00,277.06984
2026-09-25 15:56:00,277.14976
2026-09-25 15:57:00,277.05802
2026-09-25 15:58:00,277.0758
2026-09-25 15:59:00,277.07618
2026-09-25 16:00:00,277.06159
2026-09-25 16:01:00,277.15105
2026-09-25 16:02:00,277.17562
2026-09-25 16:03:00,277.11513
2026-09-25 16:04:00,277.16504
2026-09-25 16:05:00,277.18718
2026-09-25 16:06:00,277.03561
2026-09-25 16:07:00,277.03846
2026-09-25 16:08:00,277.01531
2026-09-25 16:09:00,277.15758
2026-09-25 16:10:00,277.01957
2026-09-25 16:11:00,277.18257
2026-09-25 16:12:00,277.23279
2026-09-25 16:13:00,277.06404
2026-09-25 16:14:00,277.22312
2026-09-25 16:15:00,277.04415
2026-09-25 16:16:00,277.08831
2026-09-25 16:17:00,277.0393
2026-09-25 16:18:00,277.04163
2026-09-25 16:19:00,277.04551
2026-09-25 16:20:00,277.07338
2026-09-25 16:21:00,277.10905
2026-09-25 16:22:00,277.06714
2026-09-25 16:23:00,277.13298
2026-09-25 16:24:00,277.04889
2026-09-25 16:25:00,277.05242
2026-09-25 16:26:00,277.03585
2026-09-25 16:27:00,277.15102
2026-09-25 16:28:00,277.06107
2026-09-25 16:29:00,277.05953
2026-09-25 16:30:00,277.04244
2026-09-25 16:31:00,277.0954
2026-09-25 16:32:00,277.03902
2026-09-25 16:33:00,277.04921
2026-09-25 16:34:00,277.0764
2026-09-25 16:35:00,277.0895
2026-09-25 16:36:00,277.09332
2026-09-25 16:37:00,277.03636
2026-09-25 16:38:00,277.00313
2026-09-25 16:39:00,277.08423
2026-09-25 16:58:00,277.11873
2026-09-25 16:59:00,277.07382
2026-09-25 17:00:00,277.05548
2026-09-25 17:01:00,277.06597
2026-09-25 17:03:00,277.06609
2026-09-25 17:04:00,277.08388
2026-09-25 17:05:00,277.10312
2026-09-25 17:08:00,277.09059
2026-09-25 17:09:00,277.1127
2026-09-25 17:10:00,277.06093
2026-09-25 17:11:00,277.03848
2026-09-25 17:12:00,277.08375
2026-09-25 17:13:00,277.06267
2026-09-25 17:14:00,277.07915
2026-09-25 17:15:00,277.04386
2026-09-25 17:16:00,277.03042
2026-09-25 17:17:00,277.05696
2026-09-25 17:18:00,277.04428
2026-09-25 17:19:00,277.03971
2026-09-25 17:20:00,277.05024
2026-09-25 17:21:00,277.03601
2026-09-25 17:22:00,277.04936
2026-09-25 17:23:00,277.03299
2026-09-25 17:24:00,277.06556
2026-09-25 17:25:00,277.0429
2026-09-25 17:26:00,277.04261
2026-09-25 17:27:00,277.1093
2026-09-25 17:28:00,277.06368
2026-09-25 17:29:00,277.04667
2026-09-25 17:30:00,277.11818
2026-09-25 17:31:00,277.04554
2026-09-25 17:32:00,277.15481
2026-09-25 17:33:00,277.02034
2026-09-25 17:34:00,276.99884
2026-09-25 17:36:00,277.02887
2026-09-25 17:37:00,277.02218
2026-09-25 17:39:00,277.04352
2026-09-25 17:40:00,277.01266
2026-09-25 17:41:00,277.08177
2026-09-25 17:42:00,277.12282
2026-09-25 17:43:00,276.99481
2026-09-25 17:44:00,277.21092
2026-09-25 17:45:00,277.0497
2026-09-25 17:46:00,277.02373
2026-09-25 17:47:00,277.09536
2026-09-25 17:48:00,277.04105
2026-09-25 17:49:00,277.05027
2026-09-25 17:50:00,277.03711
2026-09-25 17:51:00,277.02764
2026-09-25 17:52:00,277.10366
2026-09-25 17:53:00,277.09494
2026-09-25 17:54:00,277.10397
2026-09-25 17:58:00,277.12569
2026-09-25 18:00:00,277.09641
2026-09-25 18:01:00,277.03214
2026-09-25 18:02:00,277.19776
2026-09-25 18:03:00,277.11543
2026-09-25 18:04:00,277.06852
2026-09-25 18:05:00,277.04813
2026-09-25 18:06:00,277.02461
2026-09-25 18:07:00,277.02597
2026-09-25 18:08:00,277.04975
2026-09-25 18:09:00,277.04614
2026-09-25 18:10:00,277.04087
2026-09-25 18:11:00,277.06256
2026-09-25 18:12:00,277.08184
2026-09-25 18:13:00,277.03618
2026-09-25 18:14:00,277.03495
2026-09-25 18:15:00,277.03907
2026-09-25 18:16:00,277.01338
2026-09-25 18:17:00,277.05091
2026-09-25 18:18:00,277.03687
2026-09-25 18:19:00,277.03615
2026-09-25 18:20:00,277.02888
2026-09-25 18:21:00,277.01127
2026-09-25 18:22:00,277.06616
2026-09-25 18:23:00,277.04403
2026-09-25 18:24:00,277.02193
2026-09-25 18:25:00,277.07653
2026-09-25 18:26:00,277.0379
